Пакет ПЯТЕРОЧКА 65х40см;599;1;599;1;1;4 
*Пиво BUD свет.5% ж/б 0.45л;5299;1;5299;1;1;4 
*Пиво BUD свет.5% ж/б 0.45л;5299;1;5299;1;1;4 
*Пиво BUD свет.5% ж/б 0.45л;5299;1;5299;1;1;4 
*Пиво BUD свет.5% ж/б 0.45л;5299;1;5299;1;1;4 
*Пиво BUD свет.5% ж/б 0.45л;5299;1;5299;1;1;4 
*ЗД.ТР.Пряники РЖАНЫЕ завар.340г;5499;1;5499;1;1;4 
*P.PIG Труб.С.П.д/мол.фр.мик.30г;4069;1;4069;1;1;4 
*Нап.NEO ИМУНЕЛЕ земл1,2% 100г;1999;6;11994;2;1;4 
Батон ПОДМОСКОВНЫЙ в/с нар.350г;4599;1;4599;2;1;4 
Хлеб ДАРНИЦКИЙ нарезка 350г;3419;1;3419;2;1;4 
*DR.ME Нап.вк.яб-кар.газ.0,449л;5499;1;5499;1;1;4 
*OREOПЕЧ.MINI GOLDENн.ван.вк100г;6579;1;6579;1;1;4 
*ФН Сок груша б/сах.200мл;1999;1;1999;2;1;4 
*ФН Сок груша б/сах.200мл;1999;1;1999;2;1;4 
*ФН Сок груша б/сах.200мл;1999;1;1999;2;1;4 
АГУША Хлеб.ЯБ-Б-ГР.мул.мини 30г;4299;1;4299;2;1;4 
*Дск Огурцы короткоплодные 450г;6999;1;6999;2;1;4 
*NEST.Пюре из яблок и банана 90г;3599;1;3599;2;1;4 
*ФН Сок груша б/сах.200мл;1999;1;1999;2;1;4 
*MARS Батон.MINIS шок.нуг/кар1кг;44999;0.15;6750;1;1;4 
Капуста БЕЛОКОЧАННАЯ ран.1кг;5299;1.785;9459;2;1;4 
*NEST.Пюре из яблок и банана 90г;3599;1;3599;2;1;4 
*ОТ АТ.Семечки подс.обж.сол.100г;2999;1;2999;2;1;4 
*ОТ АТ.Семечки подс.обж.сол.100г;2999;1;2999;2;1;4 
*NIVEA Дезод.FOR MEN спрей 150мл;17999;1;17999;1;1;4 
